{
  "best_params": {
    "lr": 0.0025928524660990943,
    "weight_decay": 0.0003442437172604022,
    "hidden_dim": 256,
    "dropout": 0.6231993941811406,
    "ensemble_method": "transform",
    "heads": 4,
    "num_layers": 3,
    "pooling": "mean",
    "use_self_loops": true,
    "batch_size": 64
  },
  "test_accuracy": 0.8506787330316742,
  "val_accuracy": 0.9032258064516129,
  "best_epoch": 56
}